nbh_name,nbh_code,dist_ka,always_excluded,uniqueid,ur,excluded
South B,101,10.48585,,154774,.31320018,1
South C,102,9.7029266,,154774,.55597913,1
Langata,103,7.5160408,,154774,.93828511,1
Westlands,104,7.18256,,154774,.7363221,1
Kileleshwa,105,4.0238171,,154774,.19240755,0
Ongata Rongai,106,13.29897,,154774,.19514006,0
Ngong,107,11.48542,,154774,.9509598,1
Karen,108,6.8866038,,154774,.29044542,1
Nakumatt Junction,109,2.213841,,154774,.81908238,1
Lavington,110,1.9570071,,154774,.48820964,1
Yaya Center,111,4.3688922,,154774,.27048662,1
Industrial area,112,12.33165,,154774,.58597064,1
Nyayo Stadium,113,8.4842806,,154774,.053903509,0
Umoja,114,15.97778,1,154774,.55831921,1
Dandora,115,17.66058,1,154774,.63954675,1
Prestige,116,4.5051332,,154774,.97476894,1
Athi river,117,32.232121,1,154774,.85099763,1
Kariobangi,118,15.54692,1,154774,.59397823,1
Woodley,119,3.963275,,154774,.32503471,1
Kasarani,120,19.54389,1,154774,.83745724,1
Mlolongo,121,26.496611,1,154774,.10096218,1
Upperhill,122,7.5210819,,154774,.80240798,1
Jamhuri Estate,123,2.897341,,154774,.17953202,0
Ngummo,124,6.5012379,,154774,.042161096,0
CBD,125,9.981698,,154774,.5735938,1
Syokimau,126,21.52162,1,154774,.88308197,1
Golf course estate,127,5.4355769,1,154774,.71875381,1
Imara Daima,128,15.30609,1,154774,.28666803,1
Embakasi,129,17.030069,1,154774,.0014044944,1
JKIA,130,20.80258,1,154774,.9402411,1
Jamhuri/Ngong forest,131,3.946743,1,154774,.51522183,1
Kilimani,132,5.1528668,,154774,.85336095,1
Makadara,133,13.11601,,154774,.62263644,1
Makongeni/kaloleni,134,10.87289,,154774,.91116482,1
Kawangware,135,1.102172,1,154774,.44682878,1
Mathare,137,12.90981,,154774,.71465558,1
Mutuini,138,4.212841,1,154774,.69068033,1
Loresho,139,3.2051589,,154774,.027242303,0
Kibera,140,5.1540589,1,154774,.059608705,1
Nairobi National Park,141,15.3189,1,154774,.39076278,1
Kiserian,142,16.455379,1,154774,.2343131,1
Kitisuru,143,7.7834711,,154774,.011996154,0
Githurai,144,20.101919,1,154774,.54266089,1
Kahawa,145,21.95302,1,154774,.17933066,1
Mwiki,146,21.58477,1,154774,.27217507,1
Donholm,147,16.326929,1,154774,.14773844,1
Spring Valley,148,4.9153838,,154774,.63646972,1
Muthaiga,149,11.09676,,154774,.11603712,0
Karura Forest,150,9.1649675,1,154774,.41643316,1
Kariobangi North,151,15.18263,1,154774,.87008542,1
Kariobangi South,152,15.76096,1,154774,.39833164,1
Ruaraka,153,15.69644,1,154774,.77967101,1
Wilson,154,7.9595151,,154774,.94011211,1
Bomas,155,5.8734679,,154774,.0060124728,0
Mugumoini,156,6.110126,,154774,.59292769,1
Langata,157,9.1848745,,154774,.645037,1
GPO,158,7.5143542,,154774,.93782192,1
River road,159,8.3448696,,154774,.66141224,1
Kamkunji,160,9.8535252,,154774,.41348726,1
Ngara,161,8.3098402,,154774,.86786783,1
Eastleigh,162,11.20644,,154774,.5261032,1
City Square,163,8.2906084,,154774,.84097379,1
Makina,164,4.9382,1,154774,.55732155,1
Olympic,165,4.6379561,,154774,.11897121,0
Laini saba,166,6.0931458,1,154774,.39385882,1
Uthiru,167,5.799017,,154774,.33334908,1
Kangemi,168,1.574585,1,154774,.12644169,1
Kikuyu,169,9.5799513,,154774,.95372295,1
Kenyatta,170,6.9733181,,154774,.3459006,1
Komarock,171,17.74538,1,154774,.54584056,1
Kayole,172,18.665649,1,154774,.48240751,1
Ngong road,173,2.837245,,154774,.54438812,1
Hurlingham,174,5.4705768,,154774,.23483676,0
South B,101,10.48585,,156182,.13162762,0
South C,102,9.7029266,,156182,.79908133,1
Langata,103,7.5160408,,156182,.62649637,1
Westlands,104,7.18256,,156182,.46070185,1
Kileleshwa,105,4.0238171,,156182,.30877972,1
Ongata Rongai,106,13.29897,,156182,.30324486,1
Ngong,107,11.48542,,156182,.39026612,1
Karen,108,6.8866038,,156182,.30364096,1
Nakumatt Junction,109,2.213841,,156182,.37504682,1
Lavington,110,1.9570071,,156182,.75152338,1
Yaya Center,111,4.3688922,,156182,.61347014,1
Industrial area,112,12.33165,,156182,.65243274,1
Nyayo Stadium,113,8.4842806,,156182,.79682487,1
Umoja,114,15.97778,1,156182,.45607939,1
Dandora,115,17.66058,1,156182,.077301845,1
Prestige,116,4.5051332,,156182,.11612563,0
Athi river,117,32.232121,1,156182,.31540832,1
Kariobangi,118,15.54692,1,156182,.63373709,1
Woodley,119,3.963275,,156182,.19218615,0
Kasarani,120,19.54389,1,156182,.29854095,1
Mlolongo,121,26.496611,1,156182,.55684561,1
Upperhill,122,7.5210819,,156182,.88401675,1
Jamhuri Estate,123,2.897341,,156182,.39285702,1
Ngummo,124,6.5012379,,156182,.80063879,1
CBD,125,9.981698,,156182,.14878874,0
Syokimau,126,21.52162,1,156182,.81672019,1
Golf course estate,127,5.4355769,1,156182,.68189043,1
Imara Daima,128,15.30609,1,156182,.77553445,1
Embakasi,129,17.030069,1,156182,.71861154,1
JKIA,130,20.80258,1,156182,.81235725,1
Jamhuri/Ngong forest,131,3.946743,1,156182,.93499845,1
Kilimani,132,5.1528668,,156182,.90108675,1
Makadara,133,13.11601,,156182,.98936921,1
Makongeni/kaloleni,134,10.87289,,156182,.23301381,0
Kawangware,135,1.102172,1,156182,.27812549,1
Mathare,137,12.90981,,156182,.0060141697,0
Mutuini,138,4.212841,1,156182,.70683938,1
Loresho,139,3.2051589,,156182,.34712639,1
Kibera,140,5.1540589,1,156182,.92581367,1
Nairobi National Park,141,15.3189,1,156182,.81435353,1
Kiserian,142,16.455379,1,156182,.25975776,1
Kitisuru,143,7.7834711,,156182,.049120422,0
Githurai,144,20.101919,1,156182,.56128144,1
Kahawa,145,21.95302,1,156182,.30562562,1
Mwiki,146,21.58477,1,156182,.79078078,1
Donholm,147,16.326929,1,156182,.77146244,1
Spring Valley,148,4.9153838,,156182,.45805269,1
Muthaiga,149,11.09676,,156182,.23573431,0
Karura Forest,150,9.1649675,1,156182,.1646733,1
Kariobangi North,151,15.18263,1,156182,.1966282,1
Kariobangi South,152,15.76096,1,156182,.11507464,1
Ruaraka,153,15.69644,1,156182,.74895144,1
Wilson,154,7.9595151,,156182,.93643099,1
Bomas,155,5.8734679,,156182,.84232217,1
Mugumoini,156,6.110126,,156182,.89861965,1
Langata,157,9.1848745,,156182,.65747058,1
GPO,158,7.5143542,,156182,.30537203,1
River road,159,8.3448696,,156182,.47386542,1
Kamkunji,160,9.8535252,,156182,.10336184,0
Ngara,161,8.3098402,,156182,.95147723,1
Eastleigh,162,11.20644,,156182,.4698002,1
City Square,163,8.2906084,,156182,.91064709,1
Makina,164,4.9382,1,156182,.61178058,1
Olympic,165,4.6379561,,156182,.86479068,1
Laini saba,166,6.0931458,1,156182,.8394956,1
Uthiru,167,5.799017,,156182,.72536737,1
Kangemi,168,1.574585,1,156182,.93997198,1
Kikuyu,169,9.5799513,,156182,.8567127,1
Kenyatta,170,6.9733181,,156182,.31962371,1
Komarock,171,17.74538,1,156182,.47217527,1
Kayole,172,18.665649,1,156182,.28609225,1
Ngong road,173,2.837245,,156182,.81318283,1
Hurlingham,174,5.4705768,,156182,.22216679,0
South B,101,10.48585,,156307,.45096219,1
South C,102,9.7029266,,156307,.46700162,1
Langata,103,7.5160408,,156307,.58017933,1
Westlands,104,7.18256,,156307,.95008326,1
Kileleshwa,105,4.0238171,,156307,.82295519,1
Ongata Rongai,106,13.29897,,156307,.21849677,0
Ngong,107,11.48542,,156307,.51497161,1
Karen,108,6.8866038,,156307,.65475452,1
Nakumatt Junction,109,2.213841,,156307,.90930945,1
Lavington,110,1.9570071,,156307,.66362572,1
Yaya Center,111,4.3688922,,156307,.7632392,1
Industrial area,112,12.33165,,156307,.60873967,1
Nyayo Stadium,113,8.4842806,,156307,.9993121,1
Umoja,114,15.97778,1,156307,.0010185494,1
Dandora,115,17.66058,1,156307,.6711365,1
Prestige,116,4.5051332,,156307,.045348868,0
Athi river,117,32.232121,1,156307,.87949389,1
Kariobangi,118,15.54692,1,156307,.44351941,1
Woodley,119,3.963275,,156307,.85389781,1
Kasarani,120,19.54389,1,156307,.61783475,1
Mlolongo,121,26.496611,1,156307,.74381733,1
Upperhill,122,7.5210819,,156307,.44251984,1
Jamhuri Estate,123,2.897341,,156307,.80804724,1
Ngummo,124,6.5012379,,156307,.31665355,1
CBD,125,9.981698,,156307,.47745091,1
Syokimau,126,21.52162,1,156307,.25611219,1
Golf course estate,127,5.4355769,1,156307,.92056268,1
Imara Daima,128,15.30609,1,156307,.87596643,1
Embakasi,129,17.030069,1,156307,.46545446,1
JKIA,130,20.80258,1,156307,.25967556,1
Jamhuri/Ngong forest,131,3.946743,1,156307,.73614144,1
Kilimani,132,5.1528668,,156307,.46821123,1
Makadara,133,13.11601,,156307,.20939185,0
Makongeni/kaloleni,134,10.87289,,156307,.99774373,1
Kawangware,135,1.102172,1,156307,.62811404,1
Mathare,137,12.90981,,156307,.38825861,1
Mutuini,138,4.212841,1,156307,.14468507,1
Loresho,139,3.2051589,,156307,.44833028,1
Kibera,140,5.1540589,1,156307,.058088098,1
Nairobi National Park,141,15.3189,1,156307,.94584543,1
Kiserian,142,16.455379,1,156307,.14800958,1
Kitisuru,143,7.7834711,,156307,.67877913,1
Githurai,144,20.101919,1,156307,.91548264,1
Kahawa,145,21.95302,1,156307,.7669903,1
Mwiki,146,21.58477,1,156307,.97646683,1
Donholm,147,16.326929,1,156307,.6751985,1
Spring Valley,148,4.9153838,,156307,.67164689,1
Muthaiga,149,11.09676,,156307,.68095815,1
Karura Forest,150,9.1649675,1,156307,.94079995,1
Kariobangi North,151,15.18263,1,156307,.38318583,1
Kariobangi South,152,15.76096,1,156307,.73579317,1
Ruaraka,153,15.69644,1,156307,.55711323,1
Wilson,154,7.9595151,,156307,.7268889,1
Bomas,155,5.8734679,,156307,.90259778,1
Mugumoini,156,6.110126,,156307,.40111369,1
Langata,157,9.1848745,,156307,.41642645,1
GPO,158,7.5143542,,156307,.12022279,0
River road,159,8.3448696,,156307,.81326675,1
Kamkunji,160,9.8535252,,156307,.35743779,1
Ngara,161,8.3098402,,156307,.37301674,1
Eastleigh,162,11.20644,,156307,.76150167,1
City Square,163,8.2906084,,156307,.16210306,0
Makina,164,4.9382,1,156307,.73722142,1
Olympic,165,4.6379561,,156307,.82069784,1
Laini saba,166,6.0931458,1,156307,.4982866,1
Uthiru,167,5.799017,,156307,.12725423,0
Kangemi,168,1.574585,1,156307,.45051298,1
Kikuyu,169,9.5799513,,156307,.64979154,1
Kenyatta,170,6.9733181,,156307,.16701066,0
Komarock,171,17.74538,1,156307,.95651984,1
Kayole,172,18.665649,1,156307,.092528544,1
Ngong road,173,2.837245,,156307,.88936716,1
Hurlingham,174,5.4705768,,156307,.48369488,1
South B,101,10.48585,,156311,.30242896,1
South C,102,9.7029266,,156311,.13338296,0
Langata,103,7.5160408,,156311,.80490112,1
Westlands,104,7.18256,,156311,.68405682,1
Kileleshwa,105,4.0238171,,156311,.82466745,1
Ongata Rongai,106,13.29897,,156311,.68519032,1
Ngong,107,11.48542,,156311,.85453421,1
Karen,108,6.8866038,,156311,.3705759,1
Nakumatt Junction,109,2.213841,,156311,.47221053,1
Lavington,110,1.9570071,,156311,.29618573,1
Yaya Center,111,4.3688922,,156311,.13861316,0
Industrial area,112,12.33165,,156311,.16507685,0
Nyayo Stadium,113,8.4842806,,156311,.57379973,1
Umoja,114,15.97778,1,156311,.59544307,1
Dandora,115,17.66058,1,156311,.17355432,1
Prestige,116,4.5051332,,156311,.68047351,1
Athi river,117,32.232121,1,156311,.84384084,1
Kariobangi,118,15.54692,1,156311,.85312533,1
Woodley,119,3.963275,,156311,.98198432,1
Kasarani,120,19.54389,1,156311,.22642446,1
Mlolongo,121,26.496611,1,156311,.16175424,1
Upperhill,122,7.5210819,,156311,.83945191,1
Jamhuri Estate,123,2.897341,,156311,.95060575,1
Ngummo,124,6.5012379,,156311,.91876853,1
CBD,125,9.981698,,156311,.33878362,1
Syokimau,126,21.52162,1,156311,.20570426,1
Golf course estate,127,5.4355769,1,156311,.38001397,1
Imara Daima,128,15.30609,1,156311,.93145961,1
Embakasi,129,17.030069,1,156311,.54837573,1
JKIA,130,20.80258,1,156311,.66568613,1
Jamhuri/Ngong forest,131,3.946743,1,156311,.89439738,1
Kilimani,132,5.1528668,,156311,.52532011,1
Makadara,133,13.11601,,156311,.53638631,1
Makongeni/kaloleni,134,10.87289,,156311,.38905936,1
Kawangware,135,1.102172,1,156311,.73627263,1
Mathare,137,12.90981,,156311,.49570897,1
Mutuini,138,4.212841,1,156311,.80292016,1
Loresho,139,3.2051589,,156311,.74920875,1
Kibera,140,5.1540589,1,156311,.68826175,1
Nairobi National Park,141,15.3189,1,156311,.0098220278,1
Kiserian,142,16.455379,1,156311,.058278061,1
Kitisuru,143,7.7834711,,156311,.54335248,1
Githurai,144,20.101919,1,156311,.11175602,1
Kahawa,145,21.95302,1,156311,.49629429,1
Mwiki,146,21.58477,1,156311,.86949128,1
Donholm,147,16.326929,1,156311,.24789844,1
Spring Valley,148,4.9153838,,156311,.10515775,0
Muthaiga,149,11.09676,,156311,.048372701,0
Karura Forest,150,9.1649675,1,156311,.04126624,1
Kariobangi North,151,15.18263,1,156311,.94427699,1
Kariobangi South,152,15.76096,1,156311,.80098999,1
Ruaraka,153,15.69644,1,156311,.59770805,1
Wilson,154,7.9595151,,156311,.11411774,0
Bomas,155,5.8734679,,156311,.45114136,1
Mugumoini,156,6.110126,,156311,.81077248,1
Langata,157,9.1848745,,156311,.15038499,0
GPO,158,7.5143542,,156311,.6061222,1
River road,159,8.3448696,,156311,.30657852,1
Kamkunji,160,9.8535252,,156311,.75549155,1
Ngara,161,8.3098402,,156311,.84022492,1
Eastleigh,162,11.20644,,156311,.71541077,1
City Square,163,8.2906084,,156311,.747069,1
Makina,164,4.9382,1,156311,.26880127,1
Olympic,165,4.6379561,,156311,.61453944,1
Laini saba,166,6.0931458,1,156311,.84937871,1
Uthiru,167,5.799017,,156311,.20062907,0
Kangemi,168,1.574585,1,156311,.10169613,1
Kikuyu,169,9.5799513,,156311,.23870073,0
Kenyatta,170,6.9733181,,156311,.87671816,1
Komarock,171,17.74538,1,156311,.36229771,1
Kayole,172,18.665649,1,156311,.47855005,1
Ngong road,173,2.837245,,156311,.86203498,1
Hurlingham,174,5.4705768,,156311,.35157028,1
South B,101,10.48585,,156315,.69468033,1
South C,102,9.7029266,,156315,.048931614,0
Langata,103,7.5160408,,156315,.90136981,1
Westlands,104,7.18256,,156315,.23890767,0
Kileleshwa,105,4.0238171,,156315,.34973869,1
Ongata Rongai,106,13.29897,,156315,.42015839,1
Ngong,107,11.48542,,156315,.22520857,0
Karen,108,6.8866038,,156315,.3613556,1
Nakumatt Junction,109,2.213841,,156315,.28629613,1
Lavington,110,1.9570071,,156315,.6936571,1
Yaya Center,111,4.3688922,,156315,.044236489,0
Industrial area,112,12.33165,,156315,.19682629,0
Nyayo Stadium,113,8.4842806,,156315,.45298254,1
Umoja,114,15.97778,1,156315,.74608541,1
Dandora,115,17.66058,1,156315,.37809503,1
Prestige,116,4.5051332,,156315,.81765997,1
Athi river,117,32.232121,1,156315,.47468954,1
Kariobangi,118,15.54692,1,156315,.22950034,1
Woodley,119,3.963275,,156315,.49942908,1
Kasarani,120,19.54389,1,156315,.6316222,1
Mlolongo,121,26.496611,1,156315,.68494046,1
Upperhill,122,7.5210819,,156315,.88758731,1
Jamhuri Estate,123,2.897341,,156315,.066916861,0
Ngummo,124,6.5012379,,156315,.8099786,1
CBD,125,9.981698,,156315,.019613711,0
Syokimau,126,21.52162,1,156315,.64935505,1
Golf course estate,127,5.4355769,1,156315,.44122598,1
Imara Daima,128,15.30609,1,156315,.61372149,1
Embakasi,129,17.030069,1,156315,.045118198,1
JKIA,130,20.80258,1,156315,.64978886,1
Jamhuri/Ngong forest,131,3.946743,1,156315,.96827519,1
Kilimani,132,5.1528668,,156315,.15668626,0
Makadara,133,13.11601,,156315,.28447455,1
Makongeni/kaloleni,134,10.87289,,156315,.076968066,0
Kawangware,135,1.102172,1,156315,.49344489,1
Mathare,137,12.90981,,156315,.53713173,1
Mutuini,138,4.212841,1,156315,.20079464,1
Loresho,139,3.2051589,,156315,.77947402,1
Kibera,140,5.1540589,1,156315,.42028311,1
Nairobi National Park,141,15.3189,1,156315,.10277834,1
Kiserian,142,16.455379,1,156315,.91760337,1
Kitisuru,143,7.7834711,,156315,.76273501,1
Githurai,144,20.101919,1,156315,.26619443,1
Kahawa,145,21.95302,1,156315,.16813162,1
Mwiki,146,21.58477,1,156315,.5742861,1
Donholm,147,16.326929,1,156315,.66904557,1
Spring Valley,148,4.9153838,,156315,.1742094,0
Muthaiga,149,11.09676,,156315,.21791287,0
Karura Forest,150,9.1649675,1,156315,.65627807,1
Kariobangi North,151,15.18263,1,156315,.63828069,1
Kariobangi South,152,15.76096,1,156315,.14777736,1
Ruaraka,153,15.69644,1,156315,.57208806,1
Wilson,154,7.9595151,,156315,.96884757,1
Bomas,155,5.8734679,,156315,.0077969455,0
Mugumoini,156,6.110126,,156315,.39750627,1
Langata,157,9.1848745,,156315,.37327978,1
GPO,158,7.5143542,,156315,.74137282,1
River road,159,8.3448696,,156315,.8181929,1
Kamkunji,160,9.8535252,,156315,.41925386,1
Ngara,161,8.3098402,,156315,.86742222,1
Eastleigh,162,11.20644,,156315,.28737733,1
City Square,163,8.2906084,,156315,.28157884,1
Makina,164,4.9382,1,156315,.14526986,1
Olympic,165,4.6379561,,156315,.070879504,0
Laini saba,166,6.0931458,1,156315,.32056925,1
Uthiru,167,5.799017,,156315,.1662842,0
Kangemi,168,1.574585,1,156315,.43324348,1
Kikuyu,169,9.5799513,,156315,.36069679,1
Kenyatta,170,6.9733181,,156315,.19840449,0
Komarock,171,17.74538,1,156315,.47866845,1
Kayole,172,18.665649,1,156315,.17161518,1
Ngong road,173,2.837245,,156315,.56829935,1
Hurlingham,174,5.4705768,,156315,.82388145,1
South B,101,10.48585,,156410,.17280479,0
South C,102,9.7029266,,156410,.48044086,1
Langata,103,7.5160408,,156410,.52894276,1
Westlands,104,7.18256,,156410,.22239079,0
Kileleshwa,105,4.0238171,,156410,.3327826,1
Ongata Rongai,106,13.29897,,156410,.34462383,1
Ngong,107,11.48542,,156410,.89085227,1
Karen,108,6.8866038,,156410,.54938895,1
Nakumatt Junction,109,2.213841,,156410,.79271185,1
Lavington,110,1.9570071,,156410,.5529356,1
Yaya Center,111,4.3688922,,156410,.19951281,0
Industrial area,112,12.33165,,156410,.15505774,0
Nyayo Stadium,113,8.4842806,,156410,.044933137,0
Umoja,114,15.97778,1,156410,.38900676,1
Dandora,115,17.66058,1,156410,.036869437,1
Prestige,116,4.5051332,,156410,.65525877,1
Athi river,117,32.232121,1,156410,.21695633,1
Kariobangi,118,15.54692,1,156410,.23160402,1
Woodley,119,3.963275,,156410,.57399082,1
Kasarani,120,19.54389,1,156410,.33229303,1
Mlolongo,121,26.496611,1,156410,.9528178,1
Upperhill,122,7.5210819,,156410,.36601272,1
Jamhuri Estate,123,2.897341,,156410,.29594591,1
Ngummo,124,6.5012379,,156410,.64271206,1
CBD,125,9.981698,,156410,.70605886,1
Syokimau,126,21.52162,1,156410,.10512322,1
Golf course estate,127,5.4355769,1,156410,.19427067,1
Imara Daima,128,15.30609,1,156410,.44941202,1
Embakasi,129,17.030069,1,156410,.46884912,1
JKIA,130,20.80258,1,156410,.57822049,1
Jamhuri/Ngong forest,131,3.946743,1,156410,.59659445,1
Kilimani,132,5.1528668,,156410,.049153112,0
Makadara,133,13.11601,,156410,.21386376,0
Makongeni/kaloleni,134,10.87289,,156410,.10783384,0
Kawangware,135,1.102172,1,156410,.93497825,1
Mathare,137,12.90981,,156410,.75004745,1
Mutuini,138,4.212841,1,156410,.1164168,1
Loresho,139,3.2051589,,156410,.94250482,1
Kibera,140,5.1540589,1,156410,.3536638,1
Nairobi National Park,141,15.3189,1,156410,.42398033,1
Kiserian,142,16.455379,1,156410,.70167857,1
Kitisuru,143,7.7834711,,156410,.20140393,0
Githurai,144,20.101919,1,156410,.10590625,1
Kahawa,145,21.95302,1,156410,.69917357,1
Mwiki,146,21.58477,1,156410,.12482636,1
Donholm,147,16.326929,1,156410,.60805517,1
Spring Valley,148,4.9153838,,156410,.93374234,1
Muthaiga,149,11.09676,,156410,.41661656,1
Karura Forest,150,9.1649675,1,156410,.81107837,1
Kariobangi North,151,15.18263,1,156410,.57836998,1
Kariobangi South,152,15.76096,1,156410,.14753011,1
Ruaraka,153,15.69644,1,156410,.91257489,1
Wilson,154,7.9595151,,156410,.69449151,1
Bomas,155,5.8734679,,156410,.35300612,1
Mugumoini,156,6.110126,,156410,.9404676,1
Langata,157,9.1848745,,156410,.56832135,1
GPO,158,7.5143542,,156410,.91641933,1
River road,159,8.3448696,,156410,.44165707,1
Kamkunji,160,9.8535252,,156410,.47025943,1
Ngara,161,8.3098402,,156410,.85479063,1
Eastleigh,162,11.20644,,156410,.64709705,1
City Square,163,8.2906084,,156410,.71562922,1
Makina,164,4.9382,1,156410,.91844547,1
Olympic,165,4.6379561,,156410,.72630149,1
Laini saba,166,6.0931458,1,156410,.6087386,1
Uthiru,167,5.799017,,156410,.63791758,1
Kangemi,168,1.574585,1,156410,.66563231,1
Kikuyu,169,9.5799513,,156410,.92507404,1
Kenyatta,170,6.9733181,,156410,.55372024,1
Komarock,171,17.74538,1,156410,.86342025,1
Kayole,172,18.665649,1,156410,.12849204,1
Ngong road,173,2.837245,,156410,.10430151,0
Hurlingham,174,5.4705768,,156410,.47845703,1
South B,101,10.48585,,156455,.087053522,0
South C,102,9.7029266,,156455,.85538322,1
Langata,103,7.5160408,,156455,.25268102,1
Westlands,104,7.18256,,156455,.53586632,1
Kileleshwa,105,4.0238171,,156455,.22941481,0
Ongata Rongai,106,13.29897,,156455,.39115617,1
Ngong,107,11.48542,,156455,.70036966,1
Karen,108,6.8866038,,156455,.42947862,1
Nakumatt Junction,109,2.213841,,156455,.50659776,1
Lavington,110,1.9570071,,156455,.45536637,1
Yaya Center,111,4.3688922,,156455,.35020518,1
Industrial area,112,12.33165,,156455,.8655892,1
Nyayo Stadium,113,8.4842806,,156455,.79013592,1
Umoja,114,15.97778,1,156455,.81803668,1
Dandora,115,17.66058,1,156455,.68052858,1
Prestige,116,4.5051332,,156455,.29177007,1
Athi river,117,32.232121,1,156455,.76247168,1
Kariobangi,118,15.54692,1,156455,.75771314,1
Woodley,119,3.963275,,156455,.09078104,0
Kasarani,120,19.54389,1,156455,.11588155,1
Mlolongo,121,26.496611,1,156455,.68350929,1
Upperhill,122,7.5210819,,156455,.37011054,1
Jamhuri Estate,123,2.897341,,156455,.35228539,1
Ngummo,124,6.5012379,,156455,.9117012,1
CBD,125,9.981698,,156455,.68497312,1
Syokimau,126,21.52162,1,156455,.46544573,1
Golf course estate,127,5.4355769,1,156455,.79136479,1
Imara Daima,128,15.30609,1,156455,.49450347,1
Embakasi,129,17.030069,1,156455,.70466441,1
JKIA,130,20.80258,1,156455,.30689865,1
Jamhuri/Ngong forest,131,3.946743,1,156455,.57018912,1
Kilimani,132,5.1528668,,156455,.29935703,1
Makadara,133,13.11601,,156455,.82389885,1
Makongeni/kaloleni,134,10.87289,,156455,.2779175,1
Kawangware,135,1.102172,1,156455,.95619553,1
Mathare,137,12.90981,,156455,.53699243,1
Mutuini,138,4.212841,1,156455,.77317399,1
Loresho,139,3.2051589,,156455,.71857083,1
Kibera,140,5.1540589,1,156455,.14607143,1
Nairobi National Park,141,15.3189,1,156455,.39461604,1
Kiserian,142,16.455379,1,156455,.10703672,1
Kitisuru,143,7.7834711,,156455,.58636028,1
Githurai,144,20.101919,1,156455,.16245586,1
Kahawa,145,21.95302,1,156455,.35755104,1
Mwiki,146,21.58477,1,156455,.21303232,1
Donholm,147,16.326929,1,156455,.20005564,1
Spring Valley,148,4.9153838,,156455,.61609113,1
Muthaiga,149,11.09676,,156455,.25767574,1
Karura Forest,150,9.1649675,1,156455,.59327734,1
Kariobangi North,151,15.18263,1,156455,.40576923,1
Kariobangi South,152,15.76096,1,156455,.9457956,1
Ruaraka,153,15.69644,1,156455,.54668117,1
Wilson,154,7.9595151,,156455,.44548744,1
Bomas,155,5.8734679,,156455,.56571037,1
Mugumoini,156,6.110126,,156455,.81586671,1
Langata,157,9.1848745,,156455,.52634078,1
GPO,158,7.5143542,,156455,.48112965,1
River road,159,8.3448696,,156455,.88883108,1
Kamkunji,160,9.8535252,,156455,.70737755,1
Ngara,161,8.3098402,,156455,.66546422,1
Eastleigh,162,11.20644,,156455,.13081394,0
City Square,163,8.2906084,,156455,.19863622,0
Makina,164,4.9382,1,156455,.29672515,1
Olympic,165,4.6379561,,156455,.06986288,0
Laini saba,166,6.0931458,1,156455,.89764154,1
Uthiru,167,5.799017,,156455,.45769322,1
Kangemi,168,1.574585,1,156455,.15370968,1
Kikuyu,169,9.5799513,,156455,.34171152,1
Kenyatta,170,6.9733181,,156455,.46102569,1
Komarock,171,17.74538,1,156455,.21130341,1
Kayole,172,18.665649,1,156455,.80814838,1
Ngong road,173,2.837245,,156455,.87362766,1
Hurlingham,174,5.4705768,,156455,.87488681,1
South B,101,10.48585,,156458,.14655241,0
South C,102,9.7029266,,156458,.65443319,1
Langata,103,7.5160408,,156458,.66241884,1
Westlands,104,7.18256,,156458,.79169571,1
Kileleshwa,105,4.0238171,,156458,.89076775,1
Ongata Rongai,106,13.29897,,156458,.28925258,1
Ngong,107,11.48542,,156458,.59103841,1
Karen,108,6.8866038,,156458,.56181169,1
Nakumatt Junction,109,2.213841,,156458,.67414886,1
Lavington,110,1.9570071,,156458,.6275695,1
Yaya Center,111,4.3688922,,156458,.31515437,1
Industrial area,112,12.33165,,156458,.29513818,1
Nyayo Stadium,113,8.4842806,,156458,.98916632,1
Umoja,114,15.97778,1,156458,.44725245,1
Dandora,115,17.66058,1,156458,.4090015,1
Prestige,116,4.5051332,,156458,.71510625,1
Athi river,117,32.232121,1,156458,.032572668,1
Kariobangi,118,15.54692,1,156458,.6090042,1
Woodley,119,3.963275,,156458,.76568663,1
Kasarani,120,19.54389,1,156458,.43688831,1
Mlolongo,121,26.496611,1,156458,.57268548,1
Upperhill,122,7.5210819,,156458,.87983501,1
Jamhuri Estate,123,2.897341,,156458,.71273351,1
Ngummo,124,6.5012379,,156458,.44869167,1
CBD,125,9.981698,,156458,.75051838,1
Syokimau,126,21.52162,1,156458,.38297653,1
Golf course estate,127,5.4355769,1,156458,.23761152,1
Imara Daima,128,15.30609,1,156458,.97267783,1
Embakasi,129,17.030069,1,156458,.6382038,1
JKIA,130,20.80258,1,156458,.452005,1
Jamhuri/Ngong forest,131,3.946743,1,156458,.5127992,1
Kilimani,132,5.1528668,,156458,.49367416,1
Makadara,133,13.11601,,156458,.66097242,1
Makongeni/kaloleni,134,10.87289,,156458,.36862442,1
Kawangware,135,1.102172,1,156458,.15618591,1
Mathare,137,12.90981,,156458,.024605457,0
Mutuini,138,4.212841,1,156458,.63587767,1
Loresho,139,3.2051589,,156458,.86302459,1
Kibera,140,5.1540589,1,156458,.93622154,1
Nairobi National Park,141,15.3189,1,156458,.65894026,1
Kiserian,142,16.455379,1,156458,.058363177,1
Kitisuru,143,7.7834711,,156458,.66078967,1
Githurai,144,20.101919,1,156458,.48602879,1
Kahawa,145,21.95302,1,156458,.64370102,1
Mwiki,146,21.58477,1,156458,.080031119,1
Donholm,147,16.326929,1,156458,.84025013,1
Spring Valley,148,4.9153838,,156458,.77347583,1
Muthaiga,149,11.09676,,156458,.79554051,1
Karura Forest,150,9.1649675,1,156458,.43679228,1
Kariobangi North,151,15.18263,1,156458,.048942134,1
Kariobangi South,152,15.76096,1,156458,.11738934,1
Ruaraka,153,15.69644,1,156458,.90322101,1
Wilson,154,7.9595151,,156458,.10937598,0
Bomas,155,5.8734679,,156458,.26691458,1
Mugumoini,156,6.110126,,156458,.17323394,0
Langata,157,9.1848745,,156458,.17990844,0
GPO,158,7.5143542,,156458,.74794137,1
River road,159,8.3448696,,156458,.31882015,1
Kamkunji,160,9.8535252,,156458,.5308674,1
Ngara,161,8.3098402,,156458,.24266799,0
Eastleigh,162,11.20644,,156458,.96686006,1
City Square,163,8.2906084,,156458,.18321471,0
Makina,164,4.9382,1,156458,.33774656,1
Olympic,165,4.6379561,,156458,.95888817,1
Laini saba,166,6.0931458,1,156458,.15558718,1
Uthiru,167,5.799017,,156458,.11911364,0
Kangemi,168,1.574585,1,156458,.13832931,1
Kikuyu,169,9.5799513,,156458,.28311536,1
Kenyatta,170,6.9733181,,156458,.59549546,1
Komarock,171,17.74538,1,156458,.74273497,1
Kayole,172,18.665649,1,156458,.24779025,1
Ngong road,173,2.837245,,156458,.1413991,0
Hurlingham,174,5.4705768,,156458,.23124027,0
South B,101,10.48585,,156562,.32495451,1
South C,102,9.7029266,,156562,.96778756,1
Langata,103,7.5160408,,156562,.52548867,1
Westlands,104,7.18256,,156562,.88849109,1
Kileleshwa,105,4.0238171,,156562,.11925909,0
Ongata Rongai,106,13.29897,,156562,.99683928,1
Ngong,107,11.48542,,156562,.20019536,0
Karen,108,6.8866038,,156562,.42106763,1
Nakumatt Junction,109,2.213841,,156562,.16848339,0
Lavington,110,1.9570071,,156562,.7803691,1
Yaya Center,111,4.3688922,,156562,.28128967,1
Industrial area,112,12.33165,,156562,.83100474,1
Nyayo Stadium,113,8.4842806,,156562,.62392545,1
Umoja,114,15.97778,1,156562,.92715007,1
Dandora,115,17.66058,1,156562,.9163928,1
Prestige,116,4.5051332,,156562,.25916773,1
Athi river,117,32.232121,1,156562,.28680581,1
Kariobangi,118,15.54692,1,156562,.40709883,1
Woodley,119,3.963275,,156562,.61379093,1
Kasarani,120,19.54389,1,156562,.76752746,1
Mlolongo,121,26.496611,1,156562,.68273318,1
Upperhill,122,7.5210819,,156562,.62284309,1
Jamhuri Estate,123,2.897341,,156562,.47849363,1
Ngummo,124,6.5012379,,156562,.85238045,1
CBD,125,9.981698,,156562,.69236237,1
Syokimau,126,21.52162,1,156562,.63784957,1
Golf course estate,127,5.4355769,1,156562,.87270713,1
Imara Daima,128,15.30609,1,156562,.3924526,1
Embakasi,129,17.030069,1,156562,.5192951,1
JKIA,130,20.80258,1,156562,.99691325,1
Jamhuri/Ngong forest,131,3.946743,1,156562,.93154866,1
Kilimani,132,5.1528668,,156562,.75535202,1
Makadara,133,13.11601,,156562,.98677731,1
Makongeni/kaloleni,134,10.87289,,156562,.55588937,1
Kawangware,135,1.102172,1,156562,.64398062,1
Mathare,137,12.90981,,156562,.18028247,0
Mutuini,138,4.212841,1,156562,.38296834,1
Loresho,139,3.2051589,,156562,.87160927,1
Kibera,140,5.1540589,1,156562,.50841492,1
Nairobi National Park,141,15.3189,1,156562,.16742003,1
Kiserian,142,16.455379,1,156562,.8920272,1
Kitisuru,143,7.7834711,,156562,.77468777,1
Githurai,144,20.101919,1,156562,.92619038,1
Kahawa,145,21.95302,1,156562,.12419078,1
Mwiki,146,21.58477,1,156562,.46966437,1
Donholm,147,16.326929,1,156562,.49629578,1
Spring Valley,148,4.9153838,,156562,.96993905,1
Muthaiga,149,11.09676,,156562,.89741457,1
Karura Forest,150,9.1649675,1,156562,.87940329,1
Kariobangi North,151,15.18263,1,156562,.31570828,1
Kariobangi South,152,15.76096,1,156562,.67671221,1
Ruaraka,153,15.69644,1,156562,.068372831,1
Wilson,154,7.9595151,,156562,.92938346,1
Bomas,155,5.8734679,,156562,.77893239,1
Mugumoini,156,6.110126,,156562,.12445924,0
Langata,157,9.1848745,,156562,.072690785,0
GPO,158,7.5143542,,156562,.43612549,1
River road,159,8.3448696,,156562,.35461015,1
Kamkunji,160,9.8535252,,156562,.61158484,1
Ngara,161,8.3098402,,156562,.94955498,1
Eastleigh,162,11.20644,,156562,.74623573,1
City Square,163,8.2906084,,156562,.49576923,1
Makina,164,4.9382,1,156562,.95762348,1
Olympic,165,4.6379561,,156562,.86155403,1
Laini saba,166,6.0931458,1,156562,.65512586,1
Uthiru,167,5.799017,,156562,.42626858,1
Kangemi,168,1.574585,1,156562,.95828968,1
Kikuyu,169,9.5799513,,156562,.9659878,1
Kenyatta,170,6.9733181,,156562,.98348528,1
Komarock,171,17.74538,1,156562,.76560915,1
Kayole,172,18.665649,1,156562,.097760096,1
Ngong road,173,2.837245,,156562,.2072387,0
Hurlingham,174,5.4705768,,156562,.034666415,0
South B,101,10.48585,,156589,.27919286,1
South C,102,9.7029266,,156589,.65549624,1
Langata,103,7.5160408,,156589,.64205301,1
Westlands,104,7.18256,,156589,.44980997,1
Kileleshwa,105,4.0238171,,156589,.008025242,0
Ongata Rongai,106,13.29897,,156589,.59836107,1
Ngong,107,11.48542,,156589,.62039387,1
Karen,108,6.8866038,,156589,.31867188,1
Nakumatt Junction,109,2.213841,,156589,.37838131,1
Lavington,110,1.9570071,,156589,.14539386,0
Yaya Center,111,4.3688922,,156589,.40366808,1
Industrial area,112,12.33165,,156589,.47444022,1
Nyayo Stadium,113,8.4842806,,156589,.30375969,1
Umoja,114,15.97778,1,156589,.9052906,1
Dandora,115,17.66058,1,156589,.53467119,1
Prestige,116,4.5051332,,156589,.34147605,1
Athi river,117,32.232121,1,156589,.54815543,1
Kariobangi,118,15.54692,1,156589,.87625426,1
Woodley,119,3.963275,,156589,.90253741,1
Kasarani,120,19.54389,1,156589,.67448002,1
Mlolongo,121,26.496611,1,156589,.39710471,1
Upperhill,122,7.5210819,,156589,.020872764,0
Jamhuri Estate,123,2.897341,,156589,.26152217,1
Ngummo,124,6.5012379,,156589,.97765601,1
CBD,125,9.981698,,156589,.074047856,0
Syokimau,126,21.52162,1,156589,.59301507,1
Golf course estate,127,5.4355769,1,156589,.040880468,1
Imara Daima,128,15.30609,1,156589,.30955571,1
Embakasi,129,17.030069,1,156589,.69545877,1
JKIA,130,20.80258,1,156589,.69034559,1
Jamhuri/Ngong forest,131,3.946743,1,156589,.18865369,1
Kilimani,132,5.1528668,,156589,.2461513,0
Makadara,133,13.11601,,156589,.1831091,0
Makongeni/kaloleni,134,10.87289,,156589,.18885112,0
Kawangware,135,1.102172,1,156589,.15917718,1
Mathare,137,12.90981,,156589,.69118363,1
Mutuini,138,4.212841,1,156589,.38533694,1
Loresho,139,3.2051589,,156589,.6916194,1
Kibera,140,5.1540589,1,156589,.81735712,1
Nairobi National Park,141,15.3189,1,156589,.043299783,1
Kiserian,142,16.455379,1,156589,.58135688,1
Kitisuru,143,7.7834711,,156589,.38973853,1
Githurai,144,20.101919,1,156589,.50455207,1
Kahawa,145,21.95302,1,156589,.45148912,1
Mwiki,146,21.58477,1,156589,.68423361,1
Donholm,147,16.326929,1,156589,.92553914,1
Spring Valley,148,4.9153838,,156589,.28232032,1
Muthaiga,149,11.09676,,156589,.64624649,1
Karura Forest,150,9.1649675,1,156589,.30674031,1
Kariobangi North,151,15.18263,1,156589,.3469241,1
Kariobangi South,152,15.76096,1,156589,.40773401,1
Ruaraka,153,15.69644,1,156589,.3601096,1
Wilson,154,7.9595151,,156589,.16071185,0
Bomas,155,5.8734679,,156589,.56749594,1
Mugumoini,156,6.110126,,156589,.026478257,0
Langata,157,9.1848745,,156589,.87356061,1
GPO,158,7.5143542,,156589,.91265416,1
River road,159,8.3448696,,156589,.13730963,0
Kamkunji,160,9.8535252,,156589,.51782668,1
Ngara,161,8.3098402,,156589,.63669735,1
Eastleigh,162,11.20644,,156589,.37401593,1
City Square,163,8.2906084,,156589,.54873455,1
Makina,164,4.9382,1,156589,.5057314,1
Olympic,165,4.6379561,,156589,.77635908,1
Laini saba,166,6.0931458,1,156589,.19846031,1
Uthiru,167,5.799017,,156589,.6015287,1
Kangemi,168,1.574585,1,156589,.83600277,1
Kikuyu,169,9.5799513,,156589,.74640429,1
Kenyatta,170,6.9733181,,156589,.44464093,1
Komarock,171,17.74538,1,156589,.029996369,1
Kayole,172,18.665649,1,156589,.64298815,1
Ngong road,173,2.837245,,156589,.59894425,1
Hurlingham,174,5.4705768,,156589,.11157525,0
South B,101,10.48585,,156668,.66668999,1
South C,102,9.7029266,,156668,.93305105,1
Langata,103,7.5160408,,156668,.91533208,1
Westlands,104,7.18256,,156668,.51560509,1
Kileleshwa,105,4.0238171,,156668,.87857378,1
Ongata Rongai,106,13.29897,,156668,.92894393,1
Ngong,107,11.48542,,156668,.95767492,1
Karen,108,6.8866038,,156668,.47591421,1
Nakumatt Junction,109,2.213841,,156668,.17830738,0
Lavington,110,1.9570071,,156668,.73306072,1
Yaya Center,111,4.3688922,,156668,.92071873,1
Industrial area,112,12.33165,,156668,.77040654,1
Nyayo Stadium,113,8.4842806,,156668,.82000452,1
Umoja,114,15.97778,1,156668,.63437581,1
Dandora,115,17.66058,1,156668,.76264942,1
Prestige,116,4.5051332,,156668,.87418544,1
Athi river,117,32.232121,1,156668,.49641716,1
Kariobangi,118,15.54692,1,156668,.72520506,1
Woodley,119,3.963275,,156668,.18637481,0
Kasarani,120,19.54389,1,156668,.36163187,1
Mlolongo,121,26.496611,1,156668,.12436585,1
Upperhill,122,7.5210819,,156668,.44901294,1
Jamhuri Estate,123,2.897341,,156668,.60855389,1
Ngummo,124,6.5012379,,156668,.68579578,1
CBD,125,9.981698,,156668,.68029338,1
Syokimau,126,21.52162,1,156668,.30332831,1
Golf course estate,127,5.4355769,1,156668,.12267521,1
Imara Daima,128,15.30609,1,156668,.49153143,1
Embakasi,129,17.030069,1,156668,.35678244,1
JKIA,130,20.80258,1,156668,.50614953,1
Jamhuri/Ngong forest,131,3.946743,1,156668,.95284653,1
Kilimani,132,5.1528668,,156668,.36481377,1
Makadara,133,13.11601,,156668,.63169938,1
Makongeni/kaloleni,134,10.87289,,156668,.41054162,1
Kawangware,135,1.102172,1,156668,.71464831,1
Mathare,137,12.90981,,156668,.57563293,1
Mutuini,138,4.212841,1,156668,.63818121,1
Loresho,139,3.2051589,,156668,.40495166,1
Kibera,140,5.1540589,1,156668,.66727531,1
Nairobi National Park,141,15.3189,1,156668,.74056655,1
Kiserian,142,16.455379,1,156668,.59109664,1
Kitisuru,143,7.7834711,,156668,.019710507,0
Githurai,144,20.101919,1,156668,.5342468,1
Kahawa,145,21.95302,1,156668,.38099441,1
Mwiki,146,21.58477,1,156668,.20268302,1
Donholm,147,16.326929,1,156668,.85157186,1
Spring Valley,148,4.9153838,,156668,.92445844,1
Muthaiga,149,11.09676,,156668,.32737455,1
Karura Forest,150,9.1649675,1,156668,.59579843,1
Kariobangi North,151,15.18263,1,156668,.61382991,1
Kariobangi South,152,15.76096,1,156668,.05004603,1
Ruaraka,153,15.69644,1,156668,.91282368,1
Wilson,154,7.9595151,,156668,.93017405,1
Bomas,155,5.8734679,,156668,.19669124,0
Mugumoini,156,6.110126,,156668,.10633655,0
Langata,157,9.1848745,,156668,.2446605,0
GPO,158,7.5143542,,156668,.27406493,1
River road,159,8.3448696,,156668,.58183521,1
Kamkunji,160,9.8535252,,156668,.67576569,1
Ngara,161,8.3098402,,156668,.67989665,1
Eastleigh,162,11.20644,,156668,.33855259,1
City Square,163,8.2906084,,156668,.49319407,1
Makina,164,4.9382,1,156668,.41063851,1
Olympic,165,4.6379561,,156668,.90855366,1
Laini saba,166,6.0931458,1,156668,.23686637,1
Uthiru,167,5.799017,,156668,.93237633,1
Kangemi,168,1.574585,1,156668,.47206122,1
Kikuyu,169,9.5799513,,156668,.56922692,1
Kenyatta,170,6.9733181,,156668,.40733975,1
Komarock,171,17.74538,1,156668,.75389236,1
Kayole,172,18.665649,1,156668,.99473274,1
Ngong road,173,2.837245,,156668,.0015849688,0
Hurlingham,174,5.4705768,,156668,.5584507,1
South B,101,10.48585,,156674,.17081025,0
South C,102,9.7029266,,156674,.90678918,1
Langata,103,7.5160408,,156674,.5364871,1
Westlands,104,7.18256,,156674,.60635883,1
Kileleshwa,105,4.0238171,,156674,.8954888,1
Ongata Rongai,106,13.29897,,156674,.69754136,1
Ngong,107,11.48542,,156674,.69048619,1
Karen,108,6.8866038,,156674,.71391523,1
Nakumatt Junction,109,2.213841,,156674,.91570538,1
Lavington,110,1.9570071,,156674,.57489198,1
Yaya Center,111,4.3688922,,156674,.60800201,1
Industrial area,112,12.33165,,156674,.10075061,0
Nyayo Stadium,113,8.4842806,,156674,.81903499,1
Umoja,114,15.97778,1,156674,.032708276,1
Dandora,115,17.66058,1,156674,.042579267,1
Prestige,116,4.5051332,,156674,.63689119,1
Athi river,117,32.232121,1,156674,.12605526,1
Kariobangi,118,15.54692,1,156674,.11799289,1
Woodley,119,3.963275,,156674,.89192003,1
Kasarani,120,19.54389,1,156674,.53385639,1
Mlolongo,121,26.496611,1,156674,.98160475,1
Upperhill,122,7.5210819,,156674,.24823079,0
Jamhuri Estate,123,2.897341,,156674,.72702986,1
Ngummo,124,6.5012379,,156674,.19610485,0
CBD,125,9.981698,,156674,.47887528,1
Syokimau,126,21.52162,1,156674,.42240748,1
Golf course estate,127,5.4355769,1,156674,.81152016,1
Imara Daima,128,15.30609,1,156674,.45246252,1
Embakasi,129,17.030069,1,156674,.46501401,1
JKIA,130,20.80258,1,156674,.87129784,1
Jamhuri/Ngong forest,131,3.946743,1,156674,.1058377,1
Kilimani,132,5.1528668,,156674,.98846376,1
Makadara,133,13.11601,,156674,.2015458,0
Makongeni/kaloleni,134,10.87289,,156674,.10580304,0
Kawangware,135,1.102172,1,156674,.778382,1
Mathare,137,12.90981,,156674,.89988464,1
Mutuini,138,4.212841,1,156674,.2963441,1
Loresho,139,3.2051589,,156674,.51887923,1
Kibera,140,5.1540589,1,156674,.14148003,1
Nairobi National Park,141,15.3189,1,156674,.51046741,1
Kiserian,142,16.455379,1,156674,.57629478,1
Kitisuru,143,7.7834711,,156674,.50224042,1
Githurai,144,20.101919,1,156674,.033898223,1
Kahawa,145,21.95302,1,156674,.96067435,1
Mwiki,146,21.58477,1,156674,.52082169,1
Donholm,147,16.326929,1,156674,.61157066,1
Spring Valley,148,4.9153838,,156674,.10711941,0
Muthaiga,149,11.09676,,156674,.5770781,1
Karura Forest,150,9.1649675,1,156674,.21651943,1
Kariobangi North,151,15.18263,1,156674,.15842909,1
Kariobangi South,152,15.76096,1,156674,.078568868,1
Ruaraka,153,15.69644,1,156674,.47532755,1
Wilson,154,7.9595151,,156674,.70617324,1
Bomas,155,5.8734679,,156674,.20444895,0
Mugumoini,156,6.110126,,156674,.73137826,1
Langata,157,9.1848745,,156674,.72355014,1
GPO,158,7.5143542,,156674,.94391787,1
River road,159,8.3448696,,156674,.086115256,0
Kamkunji,160,9.8535252,,156674,.36841622,1
Ngara,161,8.3098402,,156674,.39988905,1
Eastleigh,162,11.20644,,156674,.69731563,1
City Square,163,8.2906084,,156674,.6098451,1
Makina,164,4.9382,1,156674,.64704722,1
Olympic,165,4.6379561,,156674,.30984479,1
Laini saba,166,6.0931458,1,156674,.34442234,1
Uthiru,167,5.799017,,156674,.85182613,1
Kangemi,168,1.574585,1,156674,.55465251,1
Kikuyu,169,9.5799513,,156674,.072391018,0
Kenyatta,170,6.9733181,,156674,.59443307,1
Komarock,171,17.74538,1,156674,.1578211,1
Kayole,172,18.665649,1,156674,.65761286,1
Ngong road,173,2.837245,,156674,.47807655,1
Hurlingham,174,5.4705768,,156674,.33267036,1
South B,101,10.48585,,156690,.60518539,1
South C,102,9.7029266,,156690,.087381311,0
Langata,103,7.5160408,,156690,.44970962,1
Westlands,104,7.18256,,156690,.88695848,1
Kileleshwa,105,4.0238171,,156690,.077504538,0
Ongata Rongai,106,13.29897,,156690,.056710403,0
Ngong,107,11.48542,,156690,.90268344,1
Karen,108,6.8866038,,156690,.61539704,1
Nakumatt Junction,109,2.213841,,156690,.73929179,1
Lavington,110,1.9570071,,156690,.59753501,1
Yaya Center,111,4.3688922,,156690,.56127119,1
Industrial area,112,12.33165,,156690,.057241369,0
Nyayo Stadium,113,8.4842806,,156690,.74016517,1
Umoja,114,15.97778,1,156690,.41325459,1
Dandora,115,17.66058,1,156690,.6937722,1
Prestige,116,4.5051332,,156690,.81855166,1
Athi river,117,32.232121,1,156690,.15666929,1
Kariobangi,118,15.54692,1,156690,.42424017,1
Woodley,119,3.963275,,156690,.28792801,1
Kasarani,120,19.54389,1,156690,.69968504,1
Mlolongo,121,26.496611,1,156690,.84414113,1
Upperhill,122,7.5210819,,156690,.63756502,1
Jamhuri Estate,123,2.897341,,156690,.00076879107,0
Ngummo,124,6.5012379,,156690,.88298076,1
CBD,125,9.981698,,156690,.55748492,1
Syokimau,126,21.52162,1,156690,.92855799,1
Golf course estate,127,5.4355769,1,156690,.57667059,1
Imara Daima,128,15.30609,1,156690,.93213117,1
Embakasi,129,17.030069,1,156690,.54230744,1
JKIA,130,20.80258,1,156690,.60369128,1
Jamhuri/Ngong forest,131,3.946743,1,156690,.94750035,1
Kilimani,132,5.1528668,,156690,.9758243,1
Makadara,133,13.11601,,156690,.15487981,0
Makongeni/kaloleni,134,10.87289,,156690,.4863354,1
Kawangware,135,1.102172,1,156690,.26358387,1
Mathare,137,12.90981,,156690,.69839638,1
Mutuini,138,4.212841,1,156690,.91768938,1
Loresho,139,3.2051589,,156690,.46236023,1
Kibera,140,5.1540589,1,156690,.51610541,1
Nairobi National Park,141,15.3189,1,156690,.91281551,1
Kiserian,142,16.455379,1,156690,.9552893,1
Kitisuru,143,7.7834711,,156690,.2702899,1
Githurai,144,20.101919,1,156690,.65736997,1
Kahawa,145,21.95302,1,156690,.46901432,1
Mwiki,146,21.58477,1,156690,.22564279,1
Donholm,147,16.326929,1,156690,.33739701,1
Spring Valley,148,4.9153838,,156690,.41087192,1
Muthaiga,149,11.09676,,156690,.077642381,0
Karura Forest,150,9.1649675,1,156690,.885149,1
Kariobangi North,151,15.18263,1,156690,.087017424,1
Kariobangi South,152,15.76096,1,156690,.40180659,1
Ruaraka,153,15.69644,1,156690,.049367402,1
Wilson,154,7.9595151,,156690,.95665938,1
Bomas,155,5.8734679,,156690,.85369825,1
Mugumoini,156,6.110126,,156690,.051663965,0
Langata,157,9.1848745,,156690,.68530542,1
GPO,158,7.5143542,,156690,.62250626,1
River road,159,8.3448696,,156690,.9820528,1
Kamkunji,160,9.8535252,,156690,.99913085,1
Ngara,161,8.3098402,,156690,.13623855,0
Eastleigh,162,11.20644,,156690,.92038524,1
City Square,163,8.2906084,,156690,.23509881,0
Makina,164,4.9382,1,156690,.32852256,1
Olympic,165,4.6379561,,156690,.36476251,1
Laini saba,166,6.0931458,1,156690,.01868326,1
Uthiru,167,5.799017,,156690,.806692,1
Kangemi,168,1.574585,1,156690,.32159728,1
Kikuyu,169,9.5799513,,156690,.90896785,1
Kenyatta,170,6.9733181,,156690,.78984529,1
Komarock,171,17.74538,1,156690,.67983085,1
Kayole,172,18.665649,1,156690,.069906943,1
Ngong road,173,2.837245,,156690,.56738812,1
Hurlingham,174,5.4705768,,156690,.13731287,0
South B,101,10.48585,,156708,.26290959,1
South C,102,9.7029266,,156708,.74213648,1
Langata,103,7.5160408,,156708,.97630054,1
Westlands,104,7.18256,,156708,.030762268,0
Kileleshwa,105,4.0238171,,156708,.75562644,1
Ongata Rongai,106,13.29897,,156708,.43998271,1
Ngong,107,11.48542,,156708,.66912985,1
Karen,108,6.8866038,,156708,.49665675,1
Nakumatt Junction,109,2.213841,,156708,.73970658,1
Lavington,110,1.9570071,,156708,.37202722,1
Yaya Center,111,4.3688922,,156708,.70672911,1
Industrial area,112,12.33165,,156708,.67187947,1
Nyayo Stadium,113,8.4842806,,156708,.73283583,1
Umoja,114,15.97778,1,156708,.49778202,1
Dandora,115,17.66058,1,156708,.11108024,1
Prestige,116,4.5051332,,156708,.27289829,1
Athi river,117,32.232121,1,156708,.039697476,1
Kariobangi,118,15.54692,1,156708,.094629735,1
Woodley,119,3.963275,,156708,.11049127,0
Kasarani,120,19.54389,1,156708,.2137392,1
Mlolongo,121,26.496611,1,156708,.82819802,1
Upperhill,122,7.5210819,,156708,.84026283,1
Jamhuri Estate,123,2.897341,,156708,.199001,0
Ngummo,124,6.5012379,,156708,.24388769,0
CBD,125,9.981698,,156708,.75449532,1
Syokimau,126,21.52162,1,156708,.63103896,1
Golf course estate,127,5.4355769,1,156708,.061928768,1
Imara Daima,128,15.30609,1,156708,.31040215,1
Embakasi,129,17.030069,1,156708,.67511493,1
JKIA,130,20.80258,1,156708,.78330213,1
Jamhuri/Ngong forest,131,3.946743,1,156708,.73736274,1
Kilimani,132,5.1528668,,156708,.45137352,1
Makadara,133,13.11601,,156708,.038976137,0
Makongeni/kaloleni,134,10.87289,,156708,.88830614,1
Kawangware,135,1.102172,1,156708,.10415866,1
Mathare,137,12.90981,,156708,.057733893,0
Mutuini,138,4.212841,1,156708,.22418901,1
Loresho,139,3.2051589,,156708,.99403816,1
Kibera,140,5.1540589,1,156708,.81385332,1
Nairobi National Park,141,15.3189,1,156708,.6699847,1
Kiserian,142,16.455379,1,156708,.38264805,1
Kitisuru,143,7.7834711,,156708,.18420529,0
Githurai,144,20.101919,1,156708,.95230091,1
Kahawa,145,21.95302,1,156708,.7259655,1
Mwiki,146,21.58477,1,156708,.55010092,1
Donholm,147,16.326929,1,156708,.64946669,1
Spring Valley,148,4.9153838,,156708,.16615695,0
Muthaiga,149,11.09676,,156708,.37708429,1
Karura Forest,150,9.1649675,1,156708,.057235986,1
Kariobangi North,151,15.18263,1,156708,.83148843,1
Kariobangi South,152,15.76096,1,156708,.23341751,1
Ruaraka,153,15.69644,1,156708,.064856052,1
Wilson,154,7.9595151,,156708,.86219323,1
Bomas,155,5.8734679,,156708,.67346579,1
Mugumoini,156,6.110126,,156708,.72041911,1
Langata,157,9.1848745,,156708,.75402701,1
GPO,158,7.5143542,,156708,.16515049,0
River road,159,8.3448696,,156708,.61595106,1
Kamkunji,160,9.8535252,,156708,.87785351,1
Ngara,161,8.3098402,,156708,.20246561,0
Eastleigh,162,11.20644,,156708,.58276665,1
City Square,163,8.2906084,,156708,.97314674,1
Makina,164,4.9382,1,156708,.50213903,1
Olympic,165,4.6379561,,156708,.7251966,1
Laini saba,166,6.0931458,1,156708,.84106278,1
Uthiru,167,5.799017,,156708,.092669673,0
Kangemi,168,1.574585,1,156708,.38969195,1
Kikuyu,169,9.5799513,,156708,.075665928,0
Kenyatta,170,6.9733181,,156708,.081321865,0
Komarock,171,17.74538,1,156708,.23951848,1
Kayole,172,18.665649,1,156708,.090466306,1
Ngong road,173,2.837245,,156708,.1172696,0
Hurlingham,174,5.4705768,,156708,.7215265,1
South B,101,10.48585,,156710,.75150347,1
South C,102,9.7029266,,156710,.97946346,1
Langata,103,7.5160408,,156710,.63867521,1
Westlands,104,7.18256,,156710,.94463885,1
Kileleshwa,105,4.0238171,,156710,.96747911,1
Ongata Rongai,106,13.29897,,156710,.096543387,0
Ngong,107,11.48542,,156710,.031351004,0
Karen,108,6.8866038,,156710,.56956756,1
Nakumatt Junction,109,2.213841,,156710,.93676424,1
Lavington,110,1.9570071,,156710,.68964916,1
Yaya Center,111,4.3688922,,156710,.84599012,1
Industrial area,112,12.33165,,156710,.054138504,0
Nyayo Stadium,113,8.4842806,,156710,.11769788,0
Umoja,114,15.97778,1,156710,.99834579,1
Dandora,115,17.66058,1,156710,.73595423,1
Prestige,116,4.5051332,,156710,.10299323,0
Athi river,117,32.232121,1,156710,.48666951,1
Kariobangi,118,15.54692,1,156710,.44333646,1
Woodley,119,3.963275,,156710,.40698776,1
Kasarani,120,19.54389,1,156710,.55103135,1
Mlolongo,121,26.496611,1,156710,.7112686,1
Upperhill,122,7.5210819,,156710,.42781392,1
Jamhuri Estate,123,2.897341,,156710,.26954684,1
Ngummo,124,6.5012379,,156710,.18410566,0
CBD,125,9.981698,,156710,.15819685,0
Syokimau,126,21.52162,1,156710,.68832904,1
Golf course estate,127,5.4355769,1,156710,.73973846,1
Imara Daima,128,15.30609,1,156710,.61759752,1
Embakasi,129,17.030069,1,156710,.28446853,1
JKIA,130,20.80258,1,156710,.77004373,1
Jamhuri/Ngong forest,131,3.946743,1,156710,.34434319,1
Kilimani,132,5.1528668,,156710,.95776397,1
Makadara,133,13.11601,,156710,.68284571,1
Makongeni/kaloleni,134,10.87289,,156710,.76804286,1
Kawangware,135,1.102172,1,156710,.82345927,1
Mathare,137,12.90981,,156710,.38046622,1
Mutuini,138,4.212841,1,156710,.91724271,1
Loresho,139,3.2051589,,156710,.11514416,0
Kibera,140,5.1540589,1,156710,.79860175,1
Nairobi National Park,141,15.3189,1,156710,.15984605,1
Kiserian,142,16.455379,1,156710,.40142334,1
Kitisuru,143,7.7834711,,156710,.62836951,1
Githurai,144,20.101919,1,156710,.45367953,1
Kahawa,145,21.95302,1,156710,.86132342,1
Mwiki,146,21.58477,1,156710,.27907643,1
Donholm,147,16.326929,1,156710,.14584023,1
Spring Valley,148,4.9153838,,156710,.66803145,1
Muthaiga,149,11.09676,,156710,.46180937,1
Karura Forest,150,9.1649675,1,156710,.95098162,1
Kariobangi North,151,15.18263,1,156710,.63446891,1
Kariobangi South,152,15.76096,1,156710,.37242734,1
Ruaraka,153,15.69644,1,156710,.25532737,1
Wilson,154,7.9595151,,156710,.48072001,1
Bomas,155,5.8734679,,156710,.8080492,1
Mugumoini,156,6.110126,,156710,.88373101,1
Langata,157,9.1848745,,156710,.68821973,1
GPO,158,7.5143542,,156710,.7470575,1
River road,159,8.3448696,,156710,.26213089,1
Kamkunji,160,9.8535252,,156710,.5880245,1
Ngara,161,8.3098402,,156710,.56077147,1
Eastleigh,162,11.20644,,156710,.98805833,1
City Square,163,8.2906084,,156710,.44405222,1
Makina,164,4.9382,1,156710,.20346721,1
Olympic,165,4.6379561,,156710,.094005942,0
Laini saba,166,6.0931458,1,156710,.10430327,1
Uthiru,167,5.799017,,156710,.40602374,1
Kangemi,168,1.574585,1,156710,.076353863,1
Kikuyu,169,9.5799513,,156710,.96095431,1
Kenyatta,170,6.9733181,,156710,.15997241,0
Komarock,171,17.74538,1,156710,.84385961,1
Kayole,172,18.665649,1,156710,.43324095,1
Ngong road,173,2.837245,,156710,.95137882,1
Hurlingham,174,5.4705768,,156710,.2424925,0
South B,101,10.48585,,184083,.74434239,1
South C,102,9.7029266,,184083,.087848909,0
Langata,103,7.5160408,,184083,.924362,1
Westlands,104,7.18256,,184083,.34798422,1
Kileleshwa,105,4.0238171,,184083,.87986326,1
Ongata Rongai,106,13.29897,,184083,.74546897,1
Ngong,107,11.48542,,184083,.62847281,1
Karen,108,6.8866038,,184083,.40422887,1
Nakumatt Junction,109,2.213841,,184083,.90578103,1
Lavington,110,1.9570071,,184083,.60125893,1
Yaya Center,111,4.3688922,,184083,.66669434,1
Industrial area,112,12.33165,,184083,.11539876,0
Nyayo Stadium,113,8.4842806,,184083,.010780553,0
Umoja,114,15.97778,1,184083,.93107569,1
Dandora,115,17.66058,1,184083,.24391843,1
Prestige,116,4.5051332,,184083,.41245618,1
Athi river,117,32.232121,1,184083,.70016187,1
Kariobangi,118,15.54692,1,184083,.12664163,1
Woodley,119,3.963275,,184083,.8452118,1
Kasarani,120,19.54389,1,184083,.44005549,1
Mlolongo,121,26.496611,1,184083,.2543923,1
Upperhill,122,7.5210819,,184083,.85376388,1
Jamhuri Estate,123,2.897341,,184083,.62512213,1
Ngummo,124,6.5012379,,184083,.47683454,1
CBD,125,9.981698,,184083,.63385224,1
Syokimau,126,21.52162,1,184083,.77649385,1
Golf course estate,127,5.4355769,1,184083,.045676619,1
Imara Daima,128,15.30609,1,184083,.73609549,1
Embakasi,129,17.030069,1,184083,.0084316945,1
JKIA,130,20.80258,1,184083,.3822706,1
Jamhuri/Ngong forest,131,3.946743,1,184083,.23263155,1
Kilimani,132,5.1528668,,184083,.17567876,0
Makadara,133,13.11601,,184083,.35525671,1
Makongeni/kaloleni,134,10.87289,,184083,.87143898,1
Kawangware,135,1.102172,1,184083,.95243633,1
Mathare,137,12.90981,,184083,.84954649,1
Mutuini,138,4.212841,1,184083,.96174806,1
Loresho,139,3.2051589,,184083,.29055816,1
Kibera,140,5.1540589,1,184083,.073226824,1
Nairobi National Park,141,15.3189,1,184083,.847462,1
Kiserian,142,16.455379,1,184083,.47361153,1
Kitisuru,143,7.7834711,,184083,.42760524,1
Githurai,144,20.101919,1,184083,.19646691,1
Kahawa,145,21.95302,1,184083,.46550891,1
Mwiki,146,21.58477,1,184083,.79031128,1
Donholm,147,16.326929,1,184083,.024294537,1
Spring Valley,148,4.9153838,,184083,.8596006,1
Muthaiga,149,11.09676,,184083,.12669733,0
Karura Forest,150,9.1649675,1,184083,.79745233,1
Kariobangi North,151,15.18263,1,184083,.43972704,1
Kariobangi South,152,15.76096,1,184083,.68587756,1
Ruaraka,153,15.69644,1,184083,.098542206,1
Wilson,154,7.9595151,,184083,.27928045,1
Bomas,155,5.8734679,,184083,.60868239,1
Mugumoini,156,6.110126,,184083,.25375515,1
Langata,157,9.1848745,,184083,.21819007,0
GPO,158,7.5143542,,184083,.9954288,1
River road,159,8.3448696,,184083,.45811534,1
Kamkunji,160,9.8535252,,184083,.52344233,1
Ngara,161,8.3098402,,184083,.84209639,1
Eastleigh,162,11.20644,,184083,.56387991,1
City Square,163,8.2906084,,184083,.79548568,1
Makina,164,4.9382,1,184083,.66414195,1
Olympic,165,4.6379561,,184083,.014343102,0
Laini saba,166,6.0931458,1,184083,.95996797,1
Uthiru,167,5.799017,,184083,.49783877,1
Kangemi,168,1.574585,1,184083,.83106881,1
Kikuyu,169,9.5799513,,184083,.42376587,1
Kenyatta,170,6.9733181,,184083,.16889139,0
Komarock,171,17.74538,1,184083,.20267704,1
Kayole,172,18.665649,1,184083,.10167333,1
Ngong road,173,2.837245,,184083,.16891257,0
Hurlingham,174,5.4705768,,184083,.38259673,1
South B,101,10.48585,,184111,.72670758,1
South C,102,9.7029266,,184111,.64864272,1
Langata,103,7.5160408,,184111,.65042299,1
Westlands,104,7.18256,,184111,.26536635,1
Kileleshwa,105,4.0238171,,184111,.031866811,0
Ongata Rongai,106,13.29897,,184111,.72592038,1
Ngong,107,11.48542,,184111,.8153646,1
Karen,108,6.8866038,,184111,.92454433,1
Nakumatt Junction,109,2.213841,,184111,.51832545,1
Lavington,110,1.9570071,,184111,.91736567,1
Yaya Center,111,4.3688922,,184111,.18687418,0
Industrial area,112,12.33165,,184111,.84846985,1
Nyayo Stadium,113,8.4842806,,184111,.73524654,1
Umoja,114,15.97778,1,184111,.21432398,1
Dandora,115,17.66058,1,184111,.80487347,1
Prestige,116,4.5051332,,184111,.87353843,1
Athi river,117,32.232121,1,184111,.01330336,1
Kariobangi,118,15.54692,1,184111,.75965118,1
Woodley,119,3.963275,,184111,.11700132,0
Kasarani,120,19.54389,1,184111,.67029017,1
Mlolongo,121,26.496611,1,184111,.89951241,1
Upperhill,122,7.5210819,,184111,.54693794,1
Jamhuri Estate,123,2.897341,,184111,.19244812,0
Ngummo,124,6.5012379,,184111,.95801878,1
CBD,125,9.981698,,184111,.26078257,1
Syokimau,126,21.52162,1,184111,.95401222,1
Golf course estate,127,5.4355769,1,184111,.6944797,1
Imara Daima,128,15.30609,1,184111,.96086168,1
Embakasi,129,17.030069,1,184111,.26050761,1
JKIA,130,20.80258,1,184111,.81431365,1
Jamhuri/Ngong forest,131,3.946743,1,184111,.95709318,1
Kilimani,132,5.1528668,,184111,.18246852,0
Makadara,133,13.11601,,184111,.63695419,1
Makongeni/kaloleni,134,10.87289,,184111,.24561736,0
Kawangware,135,1.102172,1,184111,.47005242,1
Mathare,137,12.90981,,184111,.89871001,1
Mutuini,138,4.212841,1,184111,.18876223,1
Loresho,139,3.2051589,,184111,.58355743,1
Kibera,140,5.1540589,1,184111,.48795298,1
Nairobi National Park,141,15.3189,1,184111,.80195206,1
Kiserian,142,16.455379,1,184111,.05831464,1
Kitisuru,143,7.7834711,,184111,.88839704,1
Githurai,144,20.101919,1,184111,.25161654,1
Kahawa,145,21.95302,1,184111,.32403094,1
Mwiki,146,21.58477,1,184111,.69787425,1
Donholm,147,16.326929,1,184111,.82876587,1
Spring Valley,148,4.9153838,,184111,.075164385,0
Muthaiga,149,11.09676,,184111,.90501559,1
Karura Forest,150,9.1649675,1,184111,.98943716,1
Kariobangi North,151,15.18263,1,184111,.47645414,1
Kariobangi South,152,15.76096,1,184111,.053405888,1
Ruaraka,153,15.69644,1,184111,.59860617,1
Wilson,154,7.9595151,,184111,.16241372,0
Bomas,155,5.8734679,,184111,.013055,0
Mugumoini,156,6.110126,,184111,.52146733,1
Langata,157,9.1848745,,184111,.35554743,1
GPO,158,7.5143542,,184111,.86844087,1
River road,159,8.3448696,,184111,.34055361,1
Kamkunji,160,9.8535252,,184111,.50566578,1
Ngara,161,8.3098402,,184111,.81406641,1
Eastleigh,162,11.20644,,184111,.85213721,1
City Square,163,8.2906084,,184111,.33042961,1
Makina,164,4.9382,1,184111,.83836216,1
Olympic,165,4.6379561,,184111,.85934544,1
Laini saba,166,6.0931458,1,184111,.42503905,1
Uthiru,167,5.799017,,184111,.62788904,1
Kangemi,168,1.574585,1,184111,.63089782,1
Kikuyu,169,9.5799513,,184111,.050758492,0
Kenyatta,170,6.9733181,,184111,.90544957,1
Komarock,171,17.74538,1,184111,.075926296,1
Kayole,172,18.665649,1,184111,.79459006,1
Ngong road,173,2.837245,,184111,.55359071,1
Hurlingham,174,5.4705768,,184111,.15419775,0
South B,101,10.48585,,184993,.68703282,1
South C,102,9.7029266,,184993,.066130549,0
Langata,103,7.5160408,,184993,.58625364,1
Westlands,104,7.18256,,184993,.7360304,1
Kileleshwa,105,4.0238171,,184993,.59896833,1
Ongata Rongai,106,13.29897,,184993,.71854502,1
Ngong,107,11.48542,,184993,.77435511,1
Karen,108,6.8866038,,184993,.74666071,1
Nakumatt Junction,109,2.213841,,184993,.014001833,0
Lavington,110,1.9570071,,184993,.43995032,1
Yaya Center,111,4.3688922,,184993,.060042474,0
Industrial area,112,12.33165,,184993,.51246136,1
Nyayo Stadium,113,8.4842806,,184993,.33353069,1
Umoja,114,15.97778,1,184993,.20912518,1
Dandora,115,17.66058,1,184993,.19518915,1
Prestige,116,4.5051332,,184993,.37344706,1
Athi river,117,32.232121,1,184993,.23548272,1
Kariobangi,118,15.54692,1,184993,.2603741,1
Woodley,119,3.963275,,184993,.80056542,1
Kasarani,120,19.54389,1,184993,.56106251,1
Mlolongo,121,26.496611,1,184993,.24719356,1
Upperhill,122,7.5210819,,184993,.59943271,1
Jamhuri Estate,123,2.897341,,184993,.94436264,1
Ngummo,124,6.5012379,,184993,.65798748,1
CBD,125,9.981698,,184993,.60001981,1
Syokimau,126,21.52162,1,184993,.58102095,1
Golf course estate,127,5.4355769,1,184993,.76615667,1
Imara Daima,128,15.30609,1,184993,.13245183,1
Embakasi,129,17.030069,1,184993,.54110831,1
JKIA,130,20.80258,1,184993,.3431727,1
Jamhuri/Ngong forest,131,3.946743,1,184993,.37809658,1
Kilimani,132,5.1528668,,184993,.10235547,0
Makadara,133,13.11601,,184993,.70510238,1
Makongeni/kaloleni,134,10.87289,,184993,.32151961,1
Kawangware,135,1.102172,1,184993,.65874946,1
Mathare,137,12.90981,,184993,.73456907,1
Mutuini,138,4.212841,1,184993,.87473899,1
Loresho,139,3.2051589,,184993,.88043094,1
Kibera,140,5.1540589,1,184993,.095382966,1
Nairobi National Park,141,15.3189,1,184993,.85502785,1
Kiserian,142,16.455379,1,184993,.18088615,1
Kitisuru,143,7.7834711,,184993,.048745394,0
Githurai,144,20.101919,1,184993,.2275032,1
Kahawa,145,21.95302,1,184993,.23108315,1
Mwiki,146,21.58477,1,184993,.72849727,1
Donholm,147,16.326929,1,184993,.3604798,1
Spring Valley,148,4.9153838,,184993,.29136184,1
Muthaiga,149,11.09676,,184993,.51569146,1
Karura Forest,150,9.1649675,1,184993,.64104617,1
Kariobangi North,151,15.18263,1,184993,.31223226,1
Kariobangi South,152,15.76096,1,184993,.50938636,1
Ruaraka,153,15.69644,1,184993,.58111447,1
Wilson,154,7.9595151,,184993,.84354031,1
Bomas,155,5.8734679,,184993,.53200239,1
Mugumoini,156,6.110126,,184993,.73094237,1
Langata,157,9.1848745,,184993,.41098922,1
GPO,158,7.5143542,,184993,.95519859,1
River road,159,8.3448696,,184993,.76902497,1
Kamkunji,160,9.8535252,,184993,.39076844,1
Ngara,161,8.3098402,,184993,.57145452,1
Eastleigh,162,11.20644,,184993,.89009243,1
City Square,163,8.2906084,,184993,.57178992,1
Makina,164,4.9382,1,184993,.23720451,1
Olympic,165,4.6379561,,184993,.23190123,0
Laini saba,166,6.0931458,1,184993,.14925647,1
Uthiru,167,5.799017,,184993,.83605987,1
Kangemi,168,1.574585,1,184993,.96600914,1
Kikuyu,169,9.5799513,,184993,.16687307,0
Kenyatta,170,6.9733181,,184993,.15584318,0
Komarock,171,17.74538,1,184993,.22405767,1
Kayole,172,18.665649,1,184993,.30275807,1
Ngong road,173,2.837245,,184993,.16572419,0
Hurlingham,174,5.4705768,,184993,.40514961,1
South B,101,10.48585,,190489,.053256318,0
South C,102,9.7029266,,190489,.97010469,1
Langata,103,7.5160408,,190489,.42397681,1
Westlands,104,7.18256,,190489,.68879461,1
Kileleshwa,105,4.0238171,,190489,.37457544,1
Ongata Rongai,106,13.29897,,190489,.93258476,1
Ngong,107,11.48542,,190489,.53699398,1
Karen,108,6.8866038,,190489,.84704024,1
Nakumatt Junction,109,2.213841,,190489,.19448273,0
Lavington,110,1.9570071,,190489,.64417297,1
Yaya Center,111,4.3688922,,190489,.14980045,0
Industrial area,112,12.33165,,190489,.068960689,0
Nyayo Stadium,113,8.4842806,,190489,.78634101,1
Umoja,114,15.97778,1,190489,.91988385,1
Dandora,115,17.66058,1,190489,.48060709,1
Prestige,116,4.5051332,,190489,.31039202,1
Athi river,117,32.232121,1,190489,.77966815,1
Kariobangi,118,15.54692,1,190489,.82259643,1
Woodley,119,3.963275,,190489,.95332235,1
Kasarani,120,19.54389,1,190489,.63973659,1
Mlolongo,121,26.496611,1,190489,.12432487,1
Upperhill,122,7.5210819,,190489,.091162585,0
Jamhuri Estate,123,2.897341,,190489,.27770349,1
Ngummo,124,6.5012379,,190489,.15364754,0
CBD,125,9.981698,,190489,.13674946,0
Syokimau,126,21.52162,1,190489,.191553,1
Golf course estate,127,5.4355769,1,190489,.092332684,1
Imara Daima,128,15.30609,1,190489,.84420758,1
Embakasi,129,17.030069,1,190489,.80060101,1
JKIA,130,20.80258,1,190489,.60483277,1
Jamhuri/Ngong forest,131,3.946743,1,190489,.092683099,1
Kilimani,132,5.1528668,,190489,.63477141,1
Makadara,133,13.11601,,190489,.40155408,1
Makongeni/kaloleni,134,10.87289,,190489,.200212,0
Kawangware,135,1.102172,1,190489,.73668396,1
Mathare,137,12.90981,,190489,.99486935,1
Mutuini,138,4.212841,1,190489,.70861483,1
Loresho,139,3.2051589,,190489,.91929865,1
Kibera,140,5.1540589,1,190489,.89449167,1
Nairobi National Park,141,15.3189,1,190489,.084990866,1
Kiserian,142,16.455379,1,190489,.51154274,1
Kitisuru,143,7.7834711,,190489,.70918769,1
Githurai,144,20.101919,1,190489,.75432736,1
Kahawa,145,21.95302,1,190489,.26103187,1
Mwiki,146,21.58477,1,190489,.073280536,1
Donholm,147,16.326929,1,190489,.23498647,1
Spring Valley,148,4.9153838,,190489,.60611027,1
Muthaiga,149,11.09676,,190489,.97266549,1
Karura Forest,150,9.1649675,1,190489,.052984189,1
Kariobangi North,151,15.18263,1,190489,.55494654,1
Kariobangi South,152,15.76096,1,190489,.96473706,1
Ruaraka,153,15.69644,1,190489,.47158447,1
Wilson,154,7.9595151,,190489,.16753584,0
Bomas,155,5.8734679,,190489,.89634442,1
Mugumoini,156,6.110126,,190489,.27684522,1
Langata,157,9.1848745,,190489,.24279296,0
GPO,158,7.5143542,,190489,.89168704,1
River road,159,8.3448696,,190489,.78492552,1
Kamkunji,160,9.8535252,,190489,.042284876,0
Ngara,161,8.3098402,,190489,.44389641,1
Eastleigh,162,11.20644,,190489,.75200295,1
City Square,163,8.2906084,,190489,.36369339,1
Makina,164,4.9382,1,190489,.59301966,1
Olympic,165,4.6379561,,190489,.21799608,0
Laini saba,166,6.0931458,1,190489,.55569535,1
Uthiru,167,5.799017,,190489,.40344387,1
Kangemi,168,1.574585,1,190489,.34233311,1
Kikuyu,169,9.5799513,,190489,.29686877,1
Kenyatta,170,6.9733181,,190489,.59567255,1
Komarock,171,17.74538,1,190489,.1164723,1
Kayole,172,18.665649,1,190489,.47859177,1
Ngong road,173,2.837245,,190489,.52093822,1
Hurlingham,174,5.4705768,,190489,.35217246,1
South B,101,10.48585,,203289,.32834956,1
South C,102,9.7029266,,203289,.78169894,1
Langata,103,7.5160408,,203289,.96804982,1
Westlands,104,7.18256,,203289,.84073883,1
Kileleshwa,105,4.0238171,,203289,.45675847,1
Ongata Rongai,106,13.29897,,203289,.11168318,0
Ngong,107,11.48542,,203289,.75771379,1
Karen,108,6.8866038,,203289,.33611128,1
Nakumatt Junction,109,2.213841,,203289,.43717775,1
Lavington,110,1.9570071,,203289,.25056538,1
Yaya Center,111,4.3688922,,203289,.30025166,1
Industrial area,112,12.33165,,203289,.29296607,1
Nyayo Stadium,113,8.4842806,,203289,.6518414,1
Umoja,114,15.97778,1,203289,.66719514,1
Dandora,115,17.66058,1,203289,.6910122,1
Prestige,116,4.5051332,,203289,.7065624,1
Athi river,117,32.232121,1,203289,.81952477,1
Kariobangi,118,15.54692,1,203289,.95874065,1
Woodley,119,3.963275,,203289,.56660008,1
Kasarani,120,19.54389,1,203289,.95294309,1
Mlolongo,121,26.496611,1,203289,.069398023,1
Upperhill,122,7.5210819,,203289,.76870608,1
Jamhuri Estate,123,2.897341,,203289,.083021045,0
Ngummo,124,6.5012379,,203289,.056388244,0
CBD,125,9.981698,,203289,.44775355,1
Syokimau,126,21.52162,1,203289,.72605985,1
Golf course estate,127,5.4355769,1,203289,.83552295,1
Imara Daima,128,15.30609,1,203289,.34042239,1
Embakasi,129,17.030069,1,203289,.89342147,1
JKIA,130,20.80258,1,203289,.31109551,1
Jamhuri/Ngong forest,131,3.946743,1,203289,.35825461,1
Kilimani,132,5.1528668,,203289,.5264836,1
Makadara,133,13.11601,,203289,.53551543,1
Makongeni/kaloleni,134,10.87289,,203289,.0089151869,0
Kawangware,135,1.102172,1,203289,.31529912,1
Mathare,137,12.90981,,203289,.77963674,1
Mutuini,138,4.212841,1,203289,.064351469,1
Loresho,139,3.2051589,,203289,.37077603,1
Kibera,140,5.1540589,1,203289,.52811152,1
Nairobi National Park,141,15.3189,1,203289,.45380318,1
Kiserian,142,16.455379,1,203289,.49922061,1
Kitisuru,143,7.7834711,,203289,.71789104,1
Githurai,144,20.101919,1,203289,.7180016,1
Kahawa,145,21.95302,1,203289,.51327914,1
Mwiki,146,21.58477,1,203289,.21400647,1
Donholm,147,16.326929,1,203289,.58313036,1
Spring Valley,148,4.9153838,,203289,.70908135,1
Muthaiga,149,11.09676,,203289,.056973692,0
Karura Forest,150,9.1649675,1,203289,.30386555,1
Kariobangi North,151,15.18263,1,203289,.90381396,1
Kariobangi South,152,15.76096,1,203289,.49294651,1
Ruaraka,153,15.69644,1,203289,.91964775,1
Wilson,154,7.9595151,,203289,.2871412,1
Bomas,155,5.8734679,,203289,.38280106,1
Mugumoini,156,6.110126,,203289,.70142287,1
Langata,157,9.1848745,,203289,.064644255,0
GPO,158,7.5143542,,203289,.030484391,0
River road,159,8.3448696,,203289,.6232242,1
Kamkunji,160,9.8535252,,203289,.81702024,1
Ngara,161,8.3098402,,203289,.21691366,0
Eastleigh,162,11.20644,,203289,.043753304,0
City Square,163,8.2906084,,203289,.82713193,1
Makina,164,4.9382,1,203289,.75275272,1
Olympic,165,4.6379561,,203289,.9991383,1
Laini saba,166,6.0931458,1,203289,.7449556,1
Uthiru,167,5.799017,,203289,.87957668,1
Kangemi,168,1.574585,1,203289,.84793818,1
Kikuyu,169,9.5799513,,203289,.18466945,0
Kenyatta,170,6.9733181,,203289,.80841786,1
Komarock,171,17.74538,1,203289,.22708961,1
Kayole,172,18.665649,1,203289,.043724056,1
Ngong road,173,2.837245,,203289,.2779142,1
Hurlingham,174,5.4705768,,203289,.32330641,1
